{
  "Uniform": [
    {
      "N": 100000,
      "DialSort (Sequential)": {"mean": 3.385967, "sd": 0.086949, "throughput": 29533663.454060, "memory": 0.199219},
      "Parallel QuickSort": {"mean": 19.372333, "sd": 2.046574, "throughput": 5162000.791507, "memory": 0.628906},
      "Parallel BucketSort": {"mean": 5.444933, "sd": 0.116521, "throughput": 18365697.774077, "memory": 0.828125},
      "Parallel Radix Sort": {"mean": 28.124600, "sd": 0.626992, "throughput": 3555606.124176, "memory": 0.000000}
    },
    {
      "N": 1000000,
      "DialSort (Sequential)": {"mean": 22.306700, "sd": 0.074687, "throughput": 44829580.350298, "memory": 0.191406},
      "Parallel QuickSort": {"mean": 56.327967, "sd": 0.906269, "throughput": 17753170.568320, "memory": 0.015625},
      "Parallel BucketSort": {"mean": 43.580667, "sd": 1.924351, "throughput": 22945954.628199, "memory": 5.667969},
      "Parallel Radix Sort": {"mean": 181.804933, "sd": 3.859979, "throughput": 5500400.795871, "memory": 0.000000}
    },
    {
      "N": 10000000,
      "DialSort (Sequential)": {"mean": 213.341067, "sd": 1.311878, "throughput": 46873300.842844, "memory": 0.187500},
      "Parallel QuickSort": {"mean": 525.282700, "sd": 2.119407, "throughput": 19037367.878287, "memory": 0.000000},
      "Parallel BucketSort": {"mean": 478.682600, "sd": 4.842937, "throughput": 20890669.516711, "memory": 57.210938},
      "Parallel Radix Sort": {"mean": 1783.115733, "sd": 11.470716, "throughput": 5608160.935974, "memory": 0.000000}
    }
  ],
  "Normal": [
    {
      "N": 100000,
      "DialSort (Sequential)": {"mean": 3.251067, "sd": 0.056877, "throughput": 30759135.463233, "memory": 0.000000},
      "Parallel QuickSort": {"mean": 18.114667, "sd": 0.188102, "throughput": 5520388.635360, "memory": 0.000000},
      "Parallel BucketSort": {"mean": 5.060533, "sd": 0.212805, "throughput": 19760763.028930, "memory": 0.000000},
      "Parallel Radix Sort": {"mean": 28.128967, "sd": 0.566923, "throughput": 3555054.161250, "memory": 0.000000}
    },
    {
      "N": 1000000,
      "DialSort (Sequential)": {"mean": 22.612867, "sd": 0.415479, "throughput": 44222610.726047, "memory": 0.000000},
      "Parallel QuickSort": {"mean": 57.387567, "sd": 0.958783, "throughput": 17425377.273939, "memory": 0.000000},
      "Parallel BucketSort": {"mean": 45.715200, "sd": 1.471904, "throughput": 21874562.508750, "memory": 0.000000},
      "Parallel Radix Sort": {"mean": 189.857633, "sd": 4.474218, "throughput": 5267104.526918, "memory": 0.000000}
    },
    {
      "N": 10000000,
      "DialSort (Sequential)": {"mean": 214.056967, "sd": 0.587688, "throughput": 46716536.049827, "memory": 0.000000},
      "Parallel QuickSort": {"mean": 566.912867, "sd": 10.824916, "throughput": 17639395.025197, "memory": 0.000000},
      "Parallel BucketSort": {"mean": 478.470300, "sd": 4.453987, "throughput": 20899938.825879, "memory": 4.988281},
      "Parallel Radix Sort": {"mean": 1837.120333, "sd": 3.566650, "throughput": 5443301.572878, "memory": 0.000000}
    }
  ],
  "Biased": [
    {
      "N": 100000,
      "DialSort (Sequential)": {"mean": 3.311200, "sd": 0.067760, "throughput": 30200531.529355, "memory": 0.000000},
      "Parallel QuickSort": {"mean": 17.045367, "sd": 0.158278, "throughput": 5866696.912749, "memory": 0.000000},
      "Parallel BucketSort": {"mean": 5.025833, "sd": 0.230108, "throughput": 19897197.811308, "memory": 0.000000},
      "Parallel Radix Sort": {"mean": 27.147100, "sd": 0.756113, "throughput": 3683634.716047, "memory": 0.000000}
    },
    {
      "N": 1000000,
      "DialSort (Sequential)": {"mean": 22.547100, "sd": 0.062254, "throughput": 44351601.758097, "memory": 0.000000},
      "Parallel QuickSort": {"mean": 54.452600, "sd": 0.822128, "throughput": 18364595.997253, "memory": 0.000000},
      "Parallel BucketSort": {"mean": 43.879867, "sd": 1.728734, "throughput": 22789494.954406, "memory": 0.000000},
      "Parallel Radix Sort": {"mean": 188.169567, "sd": 2.983630, "throughput": 5314355.651206, "memory": 0.000000}
    },
    {
      "N": 10000000,
      "DialSort (Sequential)": {"mean": 215.168167, "sd": 0.881101, "throughput": 46475276.314882, "memory": 0.000000},
      "Parallel QuickSort": {"mean": 487.966867, "sd": 8.346838, "throughput": 20493194.688219, "memory": 0.000000},
      "Parallel BucketSort": {"mean": 484.791633, "sd": 8.645581, "throughput": 20627418.693763, "memory": 0.000000},
      "Parallel Radix Sort": {"mean": 1835.006000, "sd": 11.328851, "throughput": 5449573.461885, "memory": 0.000000}
    }
  ],
  "simulations": {
    "DialSort (Sequential)": [
      [20,11,3,20,15,23,14,25,18,5,14,17,26,1,11],
      [1,11,3,20,15,23,14,25,18,5,14,17,26,1,11],
      [1,3,3,20,15,23,14,25,18,5,14,17,26,1,11],
      [1,3,5,20,15,23,14,25,18,5,14,17,26,1,11],
      [1,3,5,11,15,23,14,25,18,5,14,17,26,1,11],
      [1,3,5,11,11,23,14,25,18,5,14,17,26,1,11],
      [1,3,5,11,11,14,14,25,18,5,14,17,26,1,11],
      [1,3,5,11,11,14,14,25,18,5,14,17,26,1,11],
      [1,3,5,11,11,14,14,15,18,5,14,17,26,1,11],
      [1,3,5,11,11,14,14,15,17,5,14,17,26,1,11],
      [1,3,5,11,11,14,14,15,17,18,14,17,26,1,11],
      [1,3,5,11,11,14,14,15,17,18,20,17,26,1,11],
      [1,3,5,11,11,14,14,15,17,18,20,20,26,1,11],
      [1,3,5,11,11,14,14,15,17,18,20,20,23,1,11],
      [1,3,5,11,11,14,14,15,17,18,20,20,23,25,11],
      [1,3,5,11,11,14,14,15,17,18,20,20,23,25,26]
    ],
    "Parallel QuickSort": [
      [4,3,14,18,22,22,10,13,4,27,23,6,23,6,10],
      [4,3,14,18,22,22,10,13,4,27,23,6,23,6,10],
      [4,3,14,18,22,22,10,13,4,27,23,6,23,6,10],
      [4,3,10,18,22,22,14,13,4,27,23,6,23,6,10],
      [4,3,10,4,22,22,14,13,18,27,23,6,23,6,10],
      [4,3,10,4,6,22,14,13,18,27,23,22,23,6,10],
      [4,3,10,4,6,6,14,13,18,27,23,22,23,22,10],
      [4,3,10,4,6,6,10,13,18,27,23,22,23,22,14],
      [4,3,10,4,6,6,10,13,18,27,23,22,23,22,14],
      [4,3,10,4,6,6,10,13,18,27,23,22,23,22,14],
      [4,3,4,10,6,6,10,13,18,27,23,22,23,22,14],
      [4,3,4,6,10,6,10,13,18,27,23,22,23,22,14],
      [4,3,4,6,6,10,10,13,18,27,23,22,23,22,14],
      [4,3,4,6,6,10,10,13,18,27,23,22,23,22,14],
      [4,3,4,6,6,10,10,13,18,27,23,22,23,22,14],
      [4,3,4,6,6,10,10,13,18,27,23,22,23,22,14],
      [4,3,4,6,6,10,10,13,18,27,23,22,23,22,14],
      [4,3,4,6,6,10,10,13,18,27,23,22,23,22,14],
      [4,3,4,6,6,10,10,13,18,27,23,22,23,22,14],
      [4,3,4,6,6,10,10,13,18,27,23,22,23,22,14],
      [3,4,4,6,6,10,10,13,18,27,23,22,23,22,14],
      [3,4,4,6,6,10,10,13,18,27,23,22,23,22,14],
      [3,4,4,6,6,10,10,13,14,27,23,22,23,22,18],
      [3,4,4,6,6,10,10,13,14,18,23,22,23,22,27],
      [3,4,4,6,6,10,10,13,14,18,23,22,23,22,27],
      [3,4,4,6,6,10,10,13,14,18,23,22,23,22,27],
      [3,4,4,6,6,10,10,13,14,18,23,22,23,22,27],
      [3,4,4,6,6,10,10,13,14,18,23,22,23,22,27],
      [3,4,4,6,6,10,10,13,14,18,23,22,23,22,27],
      [3,4,4,6,6,10,10,13,14,18,22,23,23,22,27],
      [3,4,4,6,6,10,10,13,14,18,22,22,23,23,27],
      [3,4,4,6,6,10,10,13,14,18,22,22,23,23,27],
      [3,4,4,6,6,10,10,13,14,18,22,22,23,23,27]
    ],
    "Parallel BucketSort": [
      [19,19,12,14,30,14,1,7,25,2,22,17,23,25,15],
      [1,19,12,14,30,14,1,7,25,2,22,17,23,25,15],
      [1,2,12,14,30,14,1,7,25,2,22,17,23,25,15],
      [1,2,7,14,30,14,1,7,25,2,22,17,23,25,15],
      [1,2,7,12,30,14,1,7,25,2,22,17,23,25,15],
      [1,2,7,12,14,14,1,7,25,2,22,17,23,25,15],
      [1,2,7,12,14,14,1,7,25,2,22,17,23,25,15],
      [1,2,7,12,14,14,15,7,25,2,22,17,23,25,15],
      [1,2,7,12,14,14,15,17,25,2,22,17,23,25,15],
      [1,2,7,12,14,14,15,17,19,2,22,17,23,25,15],
      [1,2,7,12,14,14,15,17,19,19,22,17,23,25,15],
      [1,2,7,12,14,14,15,17,19,19,22,17,23,25,15],
      [1,2,7,12,14,14,15,17,19,19,22,23,23,25,15],
      [1,2,7,12,14,14,15,17,19,19,22,23,25,25,15],
      [1,2,7,12,14,14,15,17,19,19,22,23,25,25,15],
      [1,2,7,12,14,14,15,17,19,19,22,23,25,25,30]
    ],