{
  "Uniform": [
    {
      "N": 100000,
      "DialSort (Sequential)": {"mean": 3.365633, "sd": 0.096583, "throughput": 29712089.849360, "memory": 0.199219},
      "Parallel QuickSort": {"mean": 20.453067, "sd": 3.077298, "throughput": 4889242.363003, "memory": 0.609375},
      "Parallel BucketSort": {"mean": 5.421200, "sd": 0.390173, "throughput": 18446100.494355, "memory": 0.839844},
      "Parallel Radix Sort": {"mean": 28.115933, "sd": 0.164210, "throughput": 3556702.130939, "memory": 0.000000}
    },
    {
      "N": 1000000,
      "DialSort (Sequential)": {"mean": 22.760933, "sd": 0.356888, "throughput": 43934929.440503, "memory": 0.191406},
      "Parallel QuickSort": {"mean": 58.251333, "sd": 1.582696, "throughput": 17166989.024572, "memory": 0.000000},
      "Parallel BucketSort": {"mean": 44.821600, "sd": 1.775198, "throughput": 22310671.640459, "memory": 5.503906},
      "Parallel Radix Sort": {"mean": 189.366533, "sd": 4.829211, "throughput": 5280764.147695, "memory": 0.000000}
    },
    {
      "N": 10000000,
      "DialSort (Sequential)": {"mean": 216.666600, "sd": 1.601052, "throughput": 46153860.355034, "memory": 0.187500},
      "Parallel QuickSort": {"mean": 557.574333, "sd": 2.700862, "throughput": 17934828.420486, "memory": 0.000000},
      "Parallel BucketSort": {"mean": 484.535133, "sd": 22.425604, "throughput": 20638338.300064, "memory": 57.000000},
      "Parallel Radix Sort": {"mean": 1795.685967, "sd": 18.958076, "throughput": 5568902.461583, "memory": 0.000000}
    }
  ],
  "Normal": [
    {
      "N": 100000,
      "DialSort (Sequential)": {"mean": 3.202400, "sd": 0.039074, "throughput": 31226580.064951, "memory": 0.000000},
      "Parallel QuickSort": {"mean": 18.100067, "sd": 0.306227, "throughput": 5524841.529129, "memory": 0.000000},
      "Parallel BucketSort": {"mean": 5.029467, "sd": 0.092871, "throughput": 19882823.891201, "memory": 0.000000},
      "Parallel Radix Sort": {"mean": 27.420067, "sd": 0.358978, "throughput": 3646964.145480, "memory": 0.000000}
    },
    {
      "N": 1000000,
      "DialSort (Sequential)": {"mean": 22.917800, "sd": 0.523809, "throughput": 43634205.726553, "memory": 0.000000},
      "Parallel QuickSort": {"mean": 56.732800, "sd": 1.065168, "throughput": 17626487.675560, "memory": 0.000000},
      "Parallel BucketSort": {"mean": 45.449400, "sd": 1.242427, "throughput": 22002490.681945, "memory": 0.000000},
      "Parallel Radix Sort": {"mean": 188.170867, "sd": 3.420714, "throughput": 5314318.936371, "memory": 0.000000}
    },
    {
      "N": 10000000,
      "DialSort (Sequential)": {"mean": 215.613533, "sd": 0.144587, "throughput": 46379277.985952, "memory": 0.000000},
      "Parallel QuickSort": {"mean": 572.307833, "sd": 0.624569, "throughput": 17473113.973919, "memory": 0.000000},
      "Parallel BucketSort": {"mean": 489.714933, "sd": 12.305377, "throughput": 20420043.007333, "memory": 6.523438},
      "Parallel Radix Sort": {"mean": 1834.669367, "sd": 16.485104, "throughput": 5450573.373975, "memory": 0.000000}
    }
  ],
  "Biased": [
    {
      "N": 100000,
      "DialSort (Sequential)": {"mean": 3.285533, "sd": 0.091746, "throughput": 30436458.819471, "memory": 0.000000},
      "Parallel QuickSort": {"mean": 17.544233, "sd": 0.429164, "throughput": 5699878.592586, "memory": 0.000000},
      "Parallel BucketSort": {"mean": 5.273400, "sd": 0.043256, "throughput": 18963097.811659, "memory": 0.000000},
      "Parallel Radix Sort": {"mean": 28.298900, "sd": 0.721778, "throughput": 3533706.257134, "memory": 0.000000}
    },
    {
      "N": 1000000,
      "DialSort (Sequential)": {"mean": 22.700867, "sd": 0.165481, "throughput": 44051181.599528, "memory": 0.000000},
      "Parallel QuickSort": {"mean": 51.726333, "sd": 1.661907, "throughput": 19332512.775569, "memory": 0.000000},
      "Parallel BucketSort": {"mean": 45.256567, "sd": 0.245898, "throughput": 22096240.913842, "memory": 0.000000},
      "Parallel Radix Sort": {"mean": 189.534800, "sd": 9.089798, "throughput": 5276075.950169, "memory": 0.000000}
    },
    {
      "N": 10000000,
      "DialSort (Sequential)": {"mean": 215.533667, "sd": 1.144424, "throughput": 46396463.970826, "memory": 0.000000},
      "Parallel QuickSort": {"mean": 490.756067, "sd": 4.021718, "throughput": 20376722.121690, "memory": 0.000000},
      "Parallel BucketSort": {"mean": 471.202667, "sd": 2.532028, "throughput": 21222290.762361, "memory": 0.000000},
      "Parallel Radix Sort": {"mean": 1811.615433, "sd": 10.014440, "throughput": 5519935.310774, "memory": 0.000000}
    }
  ],
  "simulations": {
    "DialSort (Sequential)": [
      [26,19,28,5,3,29,26,5,28,24,10,27,1,30,15],
      [1,19,28,5,3,29,26,5,28,24,10,27,1,30,15],
      [1,3,28,5,3,29,26,5,28,24,10,27,1,30,15],
      [1,3,5,5,3,29,26,5,28,24,10,27,1,30,15],
      [1,3,5,5,3,29,26,5,28,24,10,27,1,30,15],
      [1,3,5,5,10,29,26,5,28,24,10,27,1,30,15],
      [1,3,5,5,10,15,26,5,28,24,10,27,1,30,15],
      [1,3,5,5,10,15,19,5,28,24,10,27,1,30,15],
      [1,3,5,5,10,15,19,24,28,24,10,27,1,30,15],
      [1,3,5,5,10,15,19,24,26,24,10,27,1,30,15],
      [1,3,5,5,10,15,19,24,26,26,10,27,1,30,15],
      [1,3,5,5,10,15,19,24,26,26,27,27,1,30,15],
      [1,3,5,5,10,15,19,24,26,26,27,28,1,30,15],
      [1,3,5,5,10,15,19,24,26,26,27,28,28,30,15],
      [1,3,5,5,10,15,19,24,26,26,27,28,28,29,15],
      [1,3,5,5,10,15,19,24,26,26,27,28,28,29,30]
    ],
    "Parallel QuickSort": [
      [2,6,29,9,13,8,8,18,21,21,4,30,15,27,29],
      [2,6,29,9,13,8,8,18,21,21,4,30,15,27,29],
      [2,6,29,9,13,8,8,18,21,21,4,30,15,27,29],
      [2,6,29,9,13,8,8,18,21,21,4,30,15,27,29],
      [2,6,29,9,13,8,8,18,21,21,4,30,15,27,29],
      [2,6,29,9,13,8,8,18,21,21,4,30,15,27,29],
      [2,6,29,9,13,8,8,18,21,21,4,30,15,27,29],
      [2,6,29,9,13,8,8,18,21,21,4,30,15,27,29],
      [2,6,29,9,13,8,8,18,21,21,4,30,15,27,29],
      [2,6,29,9,13,8,8,18,21,21,4,30,15,27,29],
      [2,6,29,9,13,8,8,18,21,21,4,30,15,27,29],
      [2,6,29,9,13,8,8,18,21,21,4,30,15,27,29],
      [2,6,29,9,13,8,8,18,21,21,4,15,30,27,29],
      [2,6,29,9,13,8,8,18,21,21,4,15,27,30,29],
      [2,6,29,9,13,8,8,18,21,21,4,15,27,29,30],
      [2,6,29,9,13,8,8,18,21,21,4,15,27,29,30],
      [2,6,29,9,13,8,8,18,21,21,4,15,27,29,30],
      [2,6,9,29,13,8,8,18,21,21,4,15,27,29,30],
      [2,6,9,13,29,8,8,18,21,21,4,15,27,29,30],
      [2,6,9,13,8,29,8,18,21,21,4,15,27,29,30],
      [2,6,9,13,8,8,29,18,21,21,4,15,27,29,30],
      [2,6,9,13,8,8,18,29,21,21,4,15,27,29,30],
      [2,6,9,13,8,8,18,21,29,21,4,15,27,29,30],
      [2,6,9,13,8,8,18,21,21,29,4,15,27,29,30],
      [2,6,9,13,8,8,18,21,21,4,29,15,27,29,30],
      [2,6,9,13,8,8,18,21,21,4,15,29,27,29,30],
      [2,6,9,13,8,8,18,21,21,4,15,27,29,29,30],
      [2,6,9,13,8,8,18,21,21,4,15,27,29,29,30],
      [2,6,9,13,8,8,18,21,21,4,15,27,29,29,30],
      [2,6,9,13,8,8,18,21,21,4,15,27,29,29,30],
      [2,6,9,13,8,8,18,21,21,4,15,27,29,29,30],
      [2,6,9,13,8,8,18,21,21,4,15,27,29,29,30],
      [2,6,9,13,8,8,18,21,21,4,15,27,29,29,30],
      [2,6,9,13,8,8,4,21,21,18,15,27,29,29,30],
      [2,6,9,13,8,8,4,15,21,18,21,27,29,29,30],
      [2,6,9,13,8,8,4,15,21,18,21,27,29,29,30],
      [2,4,9,13,8,8,6,15,21,18,21,27,29,29,30],
      [2,4,6,13,8,8,9,15,21,18,21,27,29,29,30],
      [2,4,6,8,13,8,9,15,21,18,21,27,29,29,30],
      [2,4,6,8,8,13,9,15,21,18,21,27,29,29,30],
      [2,4,6,8,8,9,13,15,21,18,21,27,29,29,30],
      [2,4,6,8,8,9,13,15,21,18,21,27,29,29,30],
      [2,4,6,8,8,9,13,15,21,18,21,27,29,29,30],
      [2,4,6,8,8,9,13,15,21,18,21,27,29,29,30],
      [2,4,6,8,8,9,13,15,21,18,21,27,29,29,30],
      [2,4,6,8,8,9,13,15,21,18,21,27,29,29,30],
      [2,4,6,8,8,9,13,15,18,21,21,27,29,29,30]
    ],